Station,BMD_Rainfall
Barisal,5.8600296837538535
Bhola,6.251741066331773
Bogra,5.092247973512958
Chandpur,5.721429386916315
Chittagong,7.931214031241436
Comilla,5.799177988354835
CoxsBazar,10.275145564562164
Dhaka,5.928644822468319
Dinajpur,5.754766525859116
Faridpur,5.117935837424364
Feni,8.308939376641169
Hatiya,8.356222587719298
Ishurdi,4.189291014956045
Jessore,4.790729535335084
Khepupara,7.774517638999886
Khulna,5.03459299006736
Kutubdia,8.259144525199572
M.court,8.57689233930814
Madaripur,5.675191231875785
Mongla,5.371654305062883
Mymensingh,6.446512158922252
Patuakhali,7.1471629181413405
Rajshahi,4.075008562621304
Rangamati,7.218632263957073
Rangpur,6.605891083457015
Sandwip,9.759056244041945
Satkhira,4.9230505765498345
Sitakunda,8.809224797351296
Srimangal,6.460554857860487
Sylhet,11.313049434866993
Tangail,5.13362912697377
Teknaf,11.635917342162347
chuadanga,4.210184650894403
sydpur,6.115446630119316
