Feature,Importance
numeric__ALLSKY_SFC_SW_DWN,0.12471588
numeric__CLOUD_AMT,0.0726427
numeric__T2MDEW,0.055183716
numeric__BMD_Rainfall,0.047396377
categorical__Station_Teknaf,0.045248352
numeric__WS2M,0.032343302
categorical__Station_Sandwip,0.03216273
categorical__Station_Sylhet,0.024090521
numeric__PS,0.023821862
categorical__Station_Feni,0.022986984
categorical__Station_Chittagong,0.021869777
categorical__Station_Sitakunda,0.02077311
numeric__RH2M,0.020060262
numeric__Temp_lag1,0.01905606
categorical__Station_Barisal,0.018314902
categorical__Station_Dinajpur,0.01815688
numeric__T2M,0.017798029
numeric__DOY,0.01741598
categorical__Station_Rangamati,0.01734099
categorical__Station_M.court,0.017152598
categorical__Station_Khepupara,0.016284484
categorical__Station_sydpur,0.015836623
categorical__Station_Rangpur,0.015379588
numeric__Pressure_lag1,0.014697774
categorical__Station_CoxsBazar,0.014586461
numeric__Rain_7day_avg,0.014548506
numeric__Rain_lag1,0.013817791
numeric__Humidity_lag1,0.013625731
numeric__Rain_lag2,0.01296481
numeric__Year,0.012776861
categorical__Station_Kutubdia,0.012664966
categorical__Station_Khulna,0.012401703
categorical__Station_Dhaka,0.012191943
numeric__Month,0.011508333
categorical__Station_Bhola,0.01148084
categorical__Station_Chandpur,0.010829088
categorical__Station_Patuakhali,0.010429429
categorical__Station_Tangail,0.009632687
categorical__Station_Srimangal,0.009470788
categorical__Station_Madaripur,0.009457737
categorical__Station_Bogra,0.009170875
categorical__Station_Hatiya,0.008621023
categorical__Station_Jessore,0.008382558
categorical__Station_Satkhira,0.008061746
categorical__Station_chuadanga,0.00792988
categorical__Station_Faridpur,0.007828741
categorical__Station_Ishurdi,0.0072500436
categorical__Station_Mymensingh,0.0068445713
categorical__Station_Comilla,0.005855896
categorical__Station_Rajshahi,0.0054191025
categorical__Station_Mongla,0.0015184645
